{"PageList":[{"ShapeList":[{"ShapeName":"線","StartPointX":400.0,"StartPointY":99.3103448275862,"EndPointX":99.2248062015504,"EndPointY":397.24137931034483}]}]}